Instance_Name,Raw_Text_Path,N_Jobs,N_Machines,Time_Limit_s,Seed,Winner_Key,CBC_DEF_Runtime_s,CBC_DEF_Makespan,CBC_DEF_Wall_s,SCIP_DEF_Runtime_s,SCIP_DEF_Makespan,SCIP_DEF_Wall_s,HIGHS_DEF_Runtime_s,HIGHS_DEF_Makespan,HIGHS_DEF_Wall_s,CPLEX_DEF_Runtime_s,CPLEX_DEF_Makespan,CPLEX_DEF_Wall_s,GUROBI_DEF_Runtime_s,GUROBI_DEF_Makespan,GUROBI_DEF_Wall_s,Image_Npy_Path
GEN_10x10_1,/Users/herreran/Documents/Universidad/practica-invg/data/jssp/datasets/jssp_cnn_data_images/GEN_10x10_1.dzn,10,10,5,1,CPLEX_DEF,6.628,201.0,9.192,4.407,173.0,5.137,4.844,171.0,5.053,0.939,172.0,919.601,3.117,171.0,3.289,/Users/herreran/Documents/Universidad/practica-invg/data/jssp/datasets/jssp_cnn_data_images/images/GEN_10x10_1_image.npy
GEN_10x10_1,/Users/herreran/Documents/Universidad/practica-invg/data/jssp/datasets/jssp_cnn_data_images/GEN_10x10_1.dzn,10,10,5,2,CPLEX_DEF,6.655,190.0,6.857,4.501,173.0,5.153,4.851,171.0,5.057,1.371,171.0,1.558,3.103,171.0,3.162,/Users/herreran/Documents/Universidad/practica-invg/data/jssp/datasets/jssp_cnn_data_images/images/GEN_10x10_1_image.npy
GEN_10x10_1,/Users/herreran/Documents/Universidad/practica-invg/data/jssp/datasets/jssp_cnn_data_images/GEN_10x10_1.dzn,10,10,5,3,CPLEX_DEF,6.699,190.0,6.896,4.534,173.0,5.134,4.845,171.0,5.051,1.36,171.0,1.539,3.109,171.0,3.196,/Users/herreran/Documents/Universidad/practica-invg/data/jssp/datasets/jssp_cnn_data_images/images/GEN_10x10_1_image.npy
GEN_10x10_1,/Users/herreran/Documents/Universidad/practica-invg/data/jssp/datasets/jssp_cnn_data_images/GEN_10x10_1.dzn,10,10,30,1,CPLEX_DEF,30.0,inf,40.01,19.706,171.0,20.492,19.618,171.0,19.975,1.36,171.0,1.571,3.087,171.0,3.144,/Users/herreran/Documents/Universidad/practica-invg/data/jssp/datasets/jssp_cnn_data_images/images/GEN_10x10_1_image.npy
GEN_10x10_1,/Users/herreran/Documents/Universidad/practica-invg/data/jssp/datasets/jssp_cnn_data_images/GEN_10x10_1.dzn,10,10,30,2,CPLEX_DEF,30.0,inf,40.008,19.0,171.0,19.725,19.043,171.0,19.287,1.323,171.0,1.511,3.009,171.0,3.053,/Users/herreran/Documents/Universidad/practica-invg/data/jssp/datasets/jssp_cnn_data_images/images/GEN_10x10_1_image.npy
GEN_10x10_1,/Users/herreran/Documents/Universidad/practica-invg/data/jssp/datasets/jssp_cnn_data_images/GEN_10x10_1.dzn,10,10,30,3,CPLEX_DEF,30.0,inf,40.009,19.247,171.0,19.895,19.258,171.0,19.467,1.336,171.0,1.519,3.028,171.0,3.078,/Users/herreran/Documents/Universidad/practica-invg/data/jssp/datasets/jssp_cnn_data_images/images/GEN_10x10_1_image.npy
GEN_10x10_1,/Users/herreran/Documents/Universidad/practica-invg/data/jssp/datasets/jssp_cnn_data_images/GEN_10x10_1.dzn,10,10,60,1,CPLEX_DEF,60.0,inf,70.008,19.22,171.0,19.771,19.269,171.0,19.464,1.359,171.0,1.543,3.025,171.0,3.062,/Users/herreran/Documents/Universidad/practica-invg/data/jssp/datasets/jssp_cnn_data_images/images/GEN_10x10_1_image.npy
GEN_10x10_1,/Users/herreran/Documents/Universidad/practica-invg/data/jssp/datasets/jssp_cnn_data_images/GEN_10x10_1.dzn,10,10,60,2,CPLEX_DEF,60.0,inf,70.007,19.269,171.0,19.874,19.262,171.0,19.47,1.337,171.0,1.516,3.028,171.0,3.076,/Users/herreran/Documents/Universidad/practica-invg/data/jssp/datasets/jssp_cnn_data_images/images/GEN_10x10_1_image.npy
GEN_10x10_1,/Users/herreran/Documents/Universidad/practica-invg/data/jssp/datasets/jssp_cnn_data_images/GEN_10x10_1.dzn,10,10,60,3,CPLEX_DEF,60.0,inf,70.008,19.263,171.0,19.876,19.335,171.0,19.587,1.33,171.0,1.519,3.02,171.0,3.054,/Users/herreran/Documents/Universidad/practica-invg/data/jssp/datasets/jssp_cnn_data_images/images/GEN_10x10_1_image.npy
GEN_10x10_2,/Users/herreran/Documents/Universidad/practica-invg/data/jssp/datasets/jssp_cnn_data_images/GEN_10x10_2.dzn,10,10,5,1,CPLEX_DEF,6.388,190.0,6.575,4.563,173.0,5.131,4.871,171.0,5.052,1.355,171.0,1.533,3.032,171.0,3.083,/Users/herreran/Documents/Universidad/practica-invg/data/jssp/datasets/jssp_cnn_data_images/images/GEN_10x10_2_image.npy
GEN_10x10_2,/Users/herreran/Documents/Universidad/practica-invg/data/jssp/datasets/jssp_cnn_data_images/GEN_10x10_2.dzn,10,10,5,2,CPLEX_DEF,6.362,190.0,6.533,4.564,173.0,5.135,4.872,171.0,5.049,1.341,171.0,1.516,3.016,171.0,3.055,/Users/herreran/Documents/Universidad/practica-invg/data/jssp/datasets/jssp_cnn_data_images/images/GEN_10x10_2_image.npy
GEN_10x10_2,/Users/herreran/Documents/Universidad/practica-invg/data/jssp/datasets/jssp_cnn_data_images/GEN_10x10_2.dzn,10,10,5,3,CPLEX_DEF,6.328,190.0,6.491,4.567,173.0,5.135,4.835,171.0,5.046,1.335,171.0,1.516,3.026,171.0,3.074,/Users/herreran/Documents/Universidad/practica-invg/data/jssp/datasets/jssp_cnn_data_images/images/GEN_10x10_2_image.npy
GEN_10x10_2,/Users/herreran/Documents/Universidad/practica-invg/data/jssp/datasets/jssp_cnn_data_images/GEN_10x10_2.dzn,10,10,30,1,CPLEX_DEF,30.0,inf,40.008,19.312,171.0,19.949,19.077,171.0,19.289,1.32,171.0,1.514,3.006,171.0,3.073,/Users/herreran/Documents/Universidad/practica-invg/data/jssp/datasets/jssp_cnn_data_images/images/GEN_10x10_2_image.npy
GEN_10x10_2,/Users/herreran/Documents/Universidad/practica-invg/data/jssp/datasets/jssp_cnn_data_images/GEN_10x10_2.dzn,10,10,30,2,CPLEX_DEF,38.03,171.0,38.235,18.968,171.0,19.575,18.92,171.0,19.099,1.318,171.0,1.494,2.973,171.0,3.002,/Users/herreran/Documents/Universidad/practica-invg/data/jssp/datasets/jssp_cnn_data_images/images/GEN_10x10_2_image.npy
GEN_10x10_2,/Users/herreran/Documents/Universidad/practica-invg/data/jssp/datasets/jssp_cnn_data_images/GEN_10x10_2.dzn,10,10,30,3,CPLEX_DEF,38.114,171.0,38.332,18.91,171.0,19.493,19.143,171.0,19.379,1.32,171.0,1.508,3.02,171.0,3.077,/Users/herreran/Documents/Universidad/practica-invg/data/jssp/datasets/jssp_cnn_data_images/images/GEN_10x10_2_image.npy
GEN_10x10_2,/Users/herreran/Documents/Universidad/practica-invg/data/jssp/datasets/jssp_cnn_data_images/GEN_10x10_2.dzn,10,10,60,1,CPLEX_DEF,60.0,inf,70.009,18.88,171.0,19.476,18.891,171.0,19.08,1.315,171.0,1.493,2.979,171.0,3.026,/Users/herreran/Documents/Universidad/practica-invg/data/jssp/datasets/jssp_cnn_data_images/images/GEN_10x10_2_image.npy
GEN_10x10_2,/Users/herreran/Documents/Universidad/practica-invg/data/jssp/datasets/jssp_cnn_data_images/GEN_10x10_2.dzn,10,10,60,2,CPLEX_DEF,60.0,inf,70.007,22.207,171.0,22.764,22.767,171.0,23.015,1.56,171.0,1.732,3.672,171.0,3.71,/Users/herreran/Documents/Universidad/practica-invg/data/jssp/datasets/jssp_cnn_data_images/images/GEN_10x10_2_image.npy
GEN_10x10_2,/Users/herreran/Documents/Universidad/practica-invg/data/jssp/datasets/jssp_cnn_data_images/GEN_10x10_2.dzn,10,10,60,3,CPLEX_DEF,60.0,inf,70.009,22.434,171.0,23.001,22.482,171.0,22.756,1.546,171.0,1.714,3.522,171.0,3.558,/Users/herreran/Documents/Universidad/practica-invg/data/jssp/datasets/jssp_cnn_data_images/images/GEN_10x10_2_image.npy
GEN_10x10_3,/Users/herreran/Documents/Universidad/practica-invg/data/jssp/datasets/jssp_cnn_data_images/GEN_10x10_3.dzn,10,10,5,1,CPLEX_DEF,6.023,201.0,6.216,4.556,175.0,5.139,4.868,171.0,5.046,1.547,171.0,1.718,3.525,171.0,3.568,/Users/herreran/Documents/Universidad/practica-invg/data/jssp/datasets/jssp_cnn_data_images/images/GEN_10x10_3_image.npy
GEN_10x10_3,/Users/herreran/Documents/Universidad/practica-invg/data/jssp/datasets/jssp_cnn_data_images/GEN_10x10_3.dzn,10,10,5,2,CPLEX_DEF,6.006,201.0,6.18,4.601,173.0,5.144,4.869,171.0,5.05,1.881,171.0,2.082,4.045,171.0,4.105,/Users/herreran/Documents/Universidad/practica-invg/data/jssp/datasets/jssp_cnn_data_images/images/GEN_10x10_3_image.npy
GEN_10x10_3,/Users/herreran/Documents/Universidad/practica-invg/data/jssp/datasets/jssp_cnn_data_images/GEN_10x10_3.dzn,10,10,5,3,CPLEX_DEF,6.017,201.0,6.191,4.602,173.0,5.129,4.866,171.0,5.043,1.622,171.0,1.795,3.811,171.0,3.867,/Users/herreran/Documents/Universidad/practica-invg/data/jssp/datasets/jssp_cnn_data_images/images/GEN_10x10_3_image.npy
GEN_10x10_3,/Users/herreran/Documents/Universidad/practica-invg/data/jssp/datasets/jssp_cnn_data_images/GEN_10x10_3.dzn,10,10,30,1,CPLEX_DEF,38.505,173.0,38.716,22.573,171.0,23.169,22.203,171.0,22.43,1.574,171.0,1.761,3.557,171.0,3.609,/Users/herreran/Documents/Universidad/practica-invg/data/jssp/datasets/jssp_cnn_data_images/images/GEN_10x10_3_image.npy
GEN_10x10_3,/Users/herreran/Documents/Universidad/practica-invg/data/jssp/datasets/jssp_cnn_data_images/GEN_10x10_3.dzn,10,10,30,2,CPLEX_DEF,30.0,inf,40.009,22.662,171.0,23.279,23.122,171.0,23.445,1.681,171.0,1.936,3.584,171.0,3.637,/Users/herreran/Documents/Universidad/practica-invg/data/jssp/datasets/jssp_cnn_data_images/images/GEN_10x10_3_image.npy
GEN_10x10_3,/Users/herreran/Documents/Universidad/practica-invg/data/jssp/datasets/jssp_cnn_data_images/GEN_10x10_3.dzn,10,10,30,3,CPLEX_DEF,38.731,173.0,38.975,22.754,171.0,23.373,22.254,171.0,22.448,1.599,171.0,1.776,3.587,171.0,3.621,/Users/herreran/Documents/Universidad/practica-invg/data/jssp/datasets/jssp_cnn_data_images/images/GEN_10x10_3_image.npy
GEN_10x10_3,/Users/herreran/Documents/Universidad/practica-invg/data/jssp/datasets/jssp_cnn_data_images/GEN_10x10_3.dzn,10,10,60,1,CPLEX_DEF,60.0,inf,70.009,22.526,171.0,23.136,22.113,171.0,22.319,1.603,171.0,1.806,3.581,171.0,3.629,/Users/herreran/Documents/Universidad/practica-invg/data/jssp/datasets/jssp_cnn_data_images/images/GEN_10x10_3_image.npy
GEN_10x10_3,/Users/herreran/Documents/Universidad/practica-invg/data/jssp/datasets/jssp_cnn_data_images/GEN_10x10_3.dzn,10,10,60,2,CPLEX_DEF,60.0,inf,70.009,25.359,171.0,26.054,23.102,171.0,23.356,1.687,171.0,1.916,3.725,171.0,3.775,/Users/herreran/Documents/Universidad/practica-invg/data/jssp/datasets/jssp_cnn_data_images/images/GEN_10x10_3_image.npy
GEN_10x10_3,/Users/herreran/Documents/Universidad/practica-invg/data/jssp/datasets/jssp_cnn_data_images/GEN_10x10_3.dzn,10,10,60,3,CPLEX_DEF,60.0,inf,70.009,26.664,171.0,27.397,25.227,171.0,25.5,1.968,171.0,2.21,4.43,171.0,4.48,/Users/herreran/Documents/Universidad/practica-invg/data/jssp/datasets/jssp_cnn_data_images/images/GEN_10x10_3_image.npy
GEN_10x10_4,/Users/herreran/Documents/Universidad/practica-invg/data/jssp/datasets/jssp_cnn_data_images/GEN_10x10_4.dzn,10,10,5,1,CPLEX_DEF,6.076,201.0,6.327,4.424,175.0,5.161,4.848,171.0,5.068,2.252,171.0,2.501,4.299,171.0,4.364,/Users/herreran/Documents/Universidad/practica-invg/data/jssp/datasets/jssp_cnn_data_images/images/GEN_10x10_4_image.npy
GEN_10x10_4,/Users/herreran/Documents/Universidad/practica-invg/data/jssp/datasets/jssp_cnn_data_images/GEN_10x10_4.dzn,10,10,5,2,CPLEX_DEF,6.185,201.0,6.438,4.431,175.0,5.16,4.841,171.0,5.076,2.092,171.0,2.34,4.832,171.0,4.9,/Users/herreran/Documents/Universidad/practica-invg/data/jssp/datasets/jssp_cnn_data_images/images/GEN_10x10_4_image.npy
GEN_10x10_4,/Users/herreran/Documents/Universidad/practica-invg/data/jssp/datasets/jssp_cnn_data_images/GEN_10x10_4.dzn,10,10,5,3,CPLEX_DEF,6.06,201.0,6.301,4.447,175.0,5.171,4.832,171.0,5.079,2.124,171.0,2.357,4.923,171.0,4.989,/Users/herreran/Documents/Universidad/practica-invg/data/jssp/datasets/jssp_cnn_data_images/images/GEN_10x10_4_image.npy
GEN_10x10_4,/Users/herreran/Documents/Universidad/practica-invg/data/jssp/datasets/jssp_cnn_data_images/GEN_10x10_4.dzn,10,10,30,1,CPLEX_DEF,30.0,inf,40.013,29.018,171.0,30.241,28.094,171.0,28.383,2.081,171.0,2.32,4.7,171.0,4.737,/Users/herreran/Documents/Universidad/practica-invg/data/jssp/datasets/jssp_cnn_data_images/images/GEN_10x10_4_image.npy
GEN_10x10_4,/Users/herreran/Documents/Universidad/practica-invg/data/jssp/datasets/jssp_cnn_data_images/GEN_10x10_4.dzn,10,10,30,2,CPLEX_DEF,30.0,inf,40.01,27.806,171.0,28.515,27.318,171.0,27.575,2.008,171.0,2.273,4.505,171.0,4.555,/Users/herreran/Documents/Universidad/practica-invg/data/jssp/datasets/jssp_cnn_data_images/images/GEN_10x10_4_image.npy
GEN_10x10_4,/Users/herreran/Documents/Universidad/practica-invg/data/jssp/datasets/jssp_cnn_data_images/GEN_10x10_4.dzn,10,10,30,3,CPLEX_DEF,30.0,inf,40.006,26.052,171.0,26.731,25.391,171.0,25.646,1.849,171.0,2.081,4.516,171.0,4.567,/Users/herreran/Documents/Universidad/practica-invg/data/jssp/datasets/jssp_cnn_data_images/images/GEN_10x10_4_image.npy
GEN_10x10_4,/Users/herreran/Documents/Universidad/practica-invg/data/jssp/datasets/jssp_cnn_data_images/GEN_10x10_4.dzn,10,10,60,1,CPLEX_DEF,60.0,inf,70.008,27.805,171.0,28.505,27.545,171.0,27.842,2.063,171.0,2.314,4.586,171.0,4.635,/Users/herreran/Documents/Universidad/practica-invg/data/jssp/datasets/jssp_cnn_data_images/images/GEN_10x10_4_image.npy
GEN_10x10_4,/Users/herreran/Documents/Universidad/practica-invg/data/jssp/datasets/jssp_cnn_data_images/GEN_10x10_4.dzn,10,10,60,2,CPLEX_DEF,60.0,inf,70.009,28.448,171.0,29.251,27.604,171.0,27.887,2.117,171.0,2.374,4.641,171.0,4.695,/Users/herreran/Documents/Universidad/practica-invg/data/jssp/datasets/jssp_cnn_data_images/images/GEN_10x10_4_image.npy
GEN_10x10_4,/Users/herreran/Documents/Universidad/practica-invg/data/jssp/datasets/jssp_cnn_data_images/GEN_10x10_4.dzn,10,10,60,3,CPLEX_DEF,60.0,inf,70.008,27.94,171.0,28.706,27.467,171.0,27.742,2.007,171.0,2.241,4.735,171.0,4.776,/Users/herreran/Documents/Universidad/practica-invg/data/jssp/datasets/jssp_cnn_data_images/images/GEN_10x10_4_image.npy
GEN_10x10_5,/Users/herreran/Documents/Universidad/practica-invg/data/jssp/datasets/jssp_cnn_data_images/GEN_10x10_5.dzn,10,10,5,1,CPLEX_DEF,6.022,201.0,6.239,4.46,175.0,5.153,4.852,171.0,5.061,2.325,171.0,2.553,4.327,171.0,4.364,/Users/herreran/Documents/Universidad/practica-invg/data/jssp/datasets/jssp_cnn_data_images/images/GEN_10x10_5_image.npy
GEN_10x10_5,/Users/herreran/Documents/Universidad/practica-invg/data/jssp/datasets/jssp_cnn_data_images/GEN_10x10_5.dzn,10,10,5,2,CPLEX_DEF,6.016,201.0,6.24,4.464,175.0,5.169,4.834,171.0,5.061,2.026,171.0,2.242,4.587,171.0,4.624,/Users/herreran/Documents/Universidad/practica-invg/data/jssp/datasets/jssp_cnn_data_images/images/GEN_10x10_5_image.npy
GEN_10x10_5,/Users/herreran/Documents/Universidad/practica-invg/data/jssp/datasets/jssp_cnn_data_images/GEN_10x10_5.dzn,10,10,5,3,CPLEX_DEF,6.054,201.0,6.285,4.512,175.0,5.151,4.842,171.0,5.058,1.997,171.0,2.209,4.875,171.0,4.932,/Users/herreran/Documents/Universidad/practica-invg/data/jssp/datasets/jssp_cnn_data_images/images/GEN_10x10_5_image.npy
GEN_10x10_5,/Users/herreran/Documents/Universidad/practica-invg/data/jssp/datasets/jssp_cnn_data_images/GEN_10x10_5.dzn,10,10,30,1,CPLEX_DEF,30.0,inf,40.008,28.454,171.0,29.241,26.986,171.0,27.257,2.036,171.0,2.289,4.565,171.0,4.617,/Users/herreran/Documents/Universidad/practica-invg/data/jssp/datasets/jssp_cnn_data_images/images/GEN_10x10_5_image.npy
GEN_10x10_5,/Users/herreran/Documents/Universidad/practica-invg/data/jssp/datasets/jssp_cnn_data_images/GEN_10x10_5.dzn,10,10,30,2,CPLEX_DEF,30.0,inf,40.008,28.992,171.0,29.717,28.172,171.0,28.469,2.085,171.0,2.318,4.745,171.0,4.78,/Users/herreran/Documents/Universidad/practica-invg/data/jssp/datasets/jssp_cnn_data_images/images/GEN_10x10_5_image.npy
GEN_10x10_5,/Users/herreran/Documents/Universidad/practica-invg/data/jssp/datasets/jssp_cnn_data_images/GEN_10x10_5.dzn,10,10,30,3,CPLEX_DEF,30.0,inf,40.008,27.239,171.0,27.911,25.712,171.0,25.961,1.898,171.0,2.099,4.625,171.0,4.669,/Users/herreran/Documents/Universidad/practica-invg/data/jssp/datasets/jssp_cnn_data_images/images/GEN_10x10_5_image.npy
GEN_10x10_5,/Users/herreran/Documents/Universidad/practica-invg/data/jssp/datasets/jssp_cnn_data_images/GEN_10x10_5.dzn,10,10,60,1,CPLEX_DEF,60.0,inf,70.029,25.245,171.0,26.135,23.883,171.0,24.112,1.735,171.0,1.945,3.854,171.0,3.905,/Users/herreran/Documents/Universidad/practica-invg/data/jssp/datasets/jssp_cnn_data_images/images/GEN_10x10_5_image.npy
GEN_10x10_5,/Users/herreran/Documents/Universidad/practica-invg/data/jssp/datasets/jssp_cnn_data_images/GEN_10x10_5.dzn,10,10,60,2,CPLEX_DEF,60.0,inf,70.009,23.789,171.0,24.421,23.229,171.0,23.45,1.629,171.0,1.825,3.708,171.0,3.759,/Users/herreran/Documents/Universidad/practica-invg/data/jssp/datasets/jssp_cnn_data_images/images/GEN_10x10_5_image.npy
GEN_10x10_5,/Users/herreran/Documents/Universidad/practica-invg/data/jssp/datasets/jssp_cnn_data_images/GEN_10x10_5.dzn,10,10,60,3,CPLEX_DEF,60.0,inf,70.009,23.445,171.0,24.074,23.655,171.0,23.903,1.684,171.0,1.9,3.678,171.0,3.733,/Users/herreran/Documents/Universidad/practica-invg/data/jssp/datasets/jssp_cnn_data_images/images/GEN_10x10_5_image.npy
GEN_10x10_6,/Users/herreran/Documents/Universidad/practica-invg/data/jssp/datasets/jssp_cnn_data_images/GEN_10x10_6.dzn,10,10,5,1,CPLEX_DEF,6.024,201.0,6.221,4.542,175.0,5.129,4.871,171.0,5.049,1.634,171.0,1.807,3.72,171.0,3.76,/Users/herreran/Documents/Universidad/practica-invg/data/jssp/datasets/jssp_cnn_data_images/images/GEN_10x10_6_image.npy
GEN_10x10_6,/Users/herreran/Documents/Universidad/practica-invg/data/jssp/datasets/jssp_cnn_data_images/GEN_10x10_6.dzn,10,10,5,2,CPLEX_DEF,6.078,201.0,6.264,4.585,175.0,5.129,4.854,171.0,5.053,1.652,171.0,1.845,3.843,171.0,3.882,/Users/herreran/Documents/Universidad/practica-invg/data/jssp/datasets/jssp_cnn_data_images/images/GEN_10x10_6_image.npy
GEN_10x10_6,/Users/herreran/Documents/Universidad/practica-invg/data/jssp/datasets/jssp_cnn_data_images/GEN_10x10_6.dzn,10,10,5,3,CPLEX_DEF,5.963,201.0,6.152,4.571,175.0,5.134,4.872,171.0,5.055,1.71,171.0,1.895,3.833,171.0,3.864,/Users/herreran/Documents/Universidad/practica-invg/data/jssp/datasets/jssp_cnn_data_images/images/GEN_10x10_6_image.npy
GEN_10x10_6,/Users/herreran/Documents/Universidad/practica-invg/data/jssp/datasets/jssp_cnn_data_images/GEN_10x10_6.dzn,10,10,30,1,CPLEX_DEF,39.126,173.0,39.367,23.636,171.0,24.307,23.583,171.0,23.824,1.952,171.0,2.159,3.828,171.0,3.873,/Users/herreran/Documents/Universidad/practica-invg/data/jssp/datasets/jssp_cnn_data_images/images/GEN_10x10_6_image.npy
GEN_10x10_6,/Users/herreran/Documents/Universidad/practica-invg/data/jssp/datasets/jssp_cnn_data_images/GEN_10x10_6.dzn,10,10,30,2,CPLEX_DEF,38.819,173.0,39.05,24.893,171.0,25.514,24.322,171.0,24.563,1.731,171.0,1.948,3.878,171.0,3.926,/Users/herreran/Documents/Universidad/practica-invg/data/jssp/datasets/jssp_cnn_data_images/images/GEN_10x10_6_image.npy
GEN_10x10_6,/Users/herreran/Documents/Universidad/practica-invg/data/jssp/datasets/jssp_cnn_data_images/GEN_10x10_6.dzn,10,10,30,3,CPLEX_DEF,30.0,inf,939.973,19.429,171.0,20.051,19.483,171.0,19.683,1.372,171.0,1.566,3.073,171.0,3.116,/Users/herreran/Documents/Universidad/practica-invg/data/jssp/datasets/jssp_cnn_data_images/images/GEN_10x10_6_image.npy
GEN_10x10_6,/Users/herreran/Documents/Universidad/practica-invg/data/jssp/datasets/jssp_cnn_data_images/GEN_10x10_6.dzn,10,10,60,1,CPLEX_DEF,60.0,inf,70.009,19.159,171.0,19.819,19.044,171.0,19.285,1.326,171.0,1.505,3.006,171.0,3.052,/Users/herreran/Documents/Universidad/practica-invg/data/jssp/datasets/jssp_cnn_data_images/images/GEN_10x10_6_image.npy
GEN_10x10_6,/Users/herreran/Documents/Universidad/practica-invg/data/jssp/datasets/jssp_cnn_data_images/GEN_10x10_6.dzn,10,10,60,2,CPLEX_DEF,60.0,inf,70.008,19.118,171.0,19.777,19.045,171.0,19.242,1.321,171.0,1.494,3.033,171.0,3.083,/Users/herreran/Documents/Universidad/practica-invg/data/jssp/datasets/jssp_cnn_data_images/images/GEN_10x10_6_image.npy
GEN_10x10_6,/Users/herreran/Documents/Universidad/practica-invg/data/jssp/datasets/jssp_cnn_data_images/GEN_10x10_6.dzn,10,10,60,3,CPLEX_DEF,60.0,inf,70.008,19.006,171.0,19.598,19.026,171.0,19.211,1.331,171.0,1.501,2.998,171.0,3.076,/Users/herreran/Documents/Universidad/practica-invg/data/jssp/datasets/jssp_cnn_data_images/images/GEN_10x10_6_image.npy
GEN_10x10_7,/Users/herreran/Documents/Universidad/practica-invg/data/jssp/datasets/jssp_cnn_data_images/GEN_10x10_7.dzn,10,10,5,1,CPLEX_DEF,6.352,190.0,6.509,4.588,173.0,5.122,4.861,171.0,5.05,1.312,171.0,1.489,3.003,171.0,3.055,/Users/herreran/Documents/Universidad/practica-invg/data/jssp/datasets/jssp_cnn_data_images/images/GEN_10x10_7_image.npy
GEN_10x10_7,/Users/herreran/Documents/Universidad/practica-invg/data/jssp/datasets/jssp_cnn_data_images/GEN_10x10_7.dzn,10,10,5,2,CPLEX_DEF,6.357,190.0,6.524,4.564,173.0,5.147,4.884,171.0,5.043,1.315,171.0,1.47,2.99,171.0,3.02,/Users/herreran/Documents/Universidad/practica-invg/data/jssp/datasets/jssp_cnn_data_images/images/GEN_10x10_7_image.npy
GEN_10x10_7,/Users/herreran/Documents/Universidad/practica-invg/data/jssp/datasets/jssp_cnn_data_images/GEN_10x10_7.dzn,10,10,5,3,CPLEX_DEF,6.374,190.0,6.533,4.534,173.0,5.123,4.887,171.0,5.043,1.322,171.0,1.477,2.994,171.0,3.022,/Users/herreran/Documents/Universidad/practica-invg/data/jssp/datasets/jssp_cnn_data_images/images/GEN_10x10_7_image.npy
GEN_10x10_7,/Users/herreran/Documents/Universidad/practica-invg/data/jssp/datasets/jssp_cnn_data_images/GEN_10x10_7.dzn,10,10,30,1,CPLEX_DEF,30.0,inf,40.008,18.961,171.0,19.567,18.997,171.0,19.183,1.317,171.0,1.486,3.001,171.0,3.049,/Users/herreran/Documents/Universidad/practica-invg/data/jssp/datasets/jssp_cnn_data_images/images/GEN_10x10_7_image.npy
GEN_10x10_7,/Users/herreran/Documents/Universidad/practica-invg/data/jssp/datasets/jssp_cnn_data_images/GEN_10x10_7.dzn,10,10,30,2,CPLEX_DEF,30.0,inf,40.007,19.008,171.0,19.612,18.966,171.0,19.155,1.32,171.0,1.495,3.005,171.0,3.049,/Users/herreran/Documents/Universidad/practica-invg/data/jssp/datasets/jssp_cnn_data_images/images/GEN_10x10_7_image.npy
GEN_10x10_7,/Users/herreran/Documents/Universidad/practica-invg/data/jssp/datasets/jssp_cnn_data_images/GEN_10x10_7.dzn,10,10,30,3,CPLEX_DEF,39.753,171.0,39.973,19.056,171.0,19.627,19.247,171.0,19.551,1.344,171.0,1.542,3.051,171.0,3.114,/Users/herreran/Documents/Universidad/practica-invg/data/jssp/datasets/jssp_cnn_data_images/images/GEN_10x10_7_image.npy
GEN_10x10_7,/Users/herreran/Documents/Universidad/practica-invg/data/jssp/datasets/jssp_cnn_data_images/GEN_10x10_7.dzn,10,10,60,1,CPLEX_DEF,60.0,inf,70.008,19.488,171.0,20.247,33.68,171.0,33.948,3.219,171.0,3.714,7.22,171.0,7.326,/Users/herreran/Documents/Universidad/practica-invg/data/jssp/datasets/jssp_cnn_data_images/images/GEN_10x10_7_image.npy
GEN_10x10_7,/Users/herreran/Documents/Universidad/practica-invg/data/jssp/datasets/jssp_cnn_data_images/GEN_10x10_7.dzn,10,10,60,2,CPLEX_DEF,60.0,inf,70.019,50.904,171.0,52.435,47.51,171.0,48.172,3.496,171.0,3.922,6.213,171.0,6.278,/Users/herreran/Documents/Universidad/practica-invg/data/jssp/datasets/jssp_cnn_data_images/images/GEN_10x10_7_image.npy
GEN_10x10_7,/Users/herreran/Documents/Universidad/practica-invg/data/jssp/datasets/jssp_cnn_data_images/GEN_10x10_7.dzn,10,10,60,3,CPLEX_DEF,60.0,inf,70.012,32.739,171.0,33.561,30.992,171.0,31.355,2.23,171.0,2.499,4.831,171.0,4.88,/Users/herreran/Documents/Universidad/practica-invg/data/jssp/datasets/jssp_cnn_data_images/images/GEN_10x10_7_image.npy
GEN_10x10_8,/Users/herreran/Documents/Universidad/practica-invg/data/jssp/datasets/jssp_cnn_data_images/GEN_10x10_8.dzn,10,10,5,1,CPLEX_DEF,6.025,201.0,6.299,4.238,175.0,5.241,4.774,171.0,5.077,2.392,171.0,2.642,5.009,171.0,5.074,/Users/herreran/Documents/Universidad/practica-invg/data/jssp/datasets/jssp_cnn_data_images/images/GEN_10x10_8_image.npy
GEN_10x10_8,/Users/herreran/Documents/Universidad/practica-invg/data/jssp/datasets/jssp_cnn_data_images/GEN_10x10_8.dzn,10,10,5,2,CPLEX_DEF,6.088,201.0,6.344,4.329,175.0,5.212,4.81,173.0,5.088,2.38,171.0,2.665,5.028,171.0,5.07,/Users/herreran/Documents/Universidad/practica-invg/data/jssp/datasets/jssp_cnn_data_images/images/GEN_10x10_8_image.npy
GEN_10x10_8,/Users/herreran/Documents/Universidad/practica-invg/data/jssp/datasets/jssp_cnn_data_images/GEN_10x10_8.dzn,10,10,5,3,CPLEX_DEF,6.042,201.0,6.315,4.325,175.0,5.226,4.801,173.0,5.082,2.488,171.0,2.763,5.039,171.0,5.108,/Users/herreran/Documents/Universidad/practica-invg/data/jssp/datasets/jssp_cnn_data_images/images/GEN_10x10_8_image.npy
GEN_10x10_8,/Users/herreran/Documents/Universidad/practica-invg/data/jssp/datasets/jssp_cnn_data_images/GEN_10x10_8.dzn,10,10,30,1,CPLEX_DEF,30.0,inf,40.01,29.166,171.0,30.232,29.634,171.0,30.121,2.405,171.0,2.726,5.444,171.0,5.508,/Users/herreran/Documents/Universidad/practica-invg/data/jssp/datasets/jssp_cnn_data_images/images/GEN_10x10_8_image.npy
GEN_10x10_8,/Users/herreran/Documents/Universidad/practica-invg/data/jssp/datasets/jssp_cnn_data_images/GEN_10x10_8.dzn,10,10,30,2,CPLEX_DEF,30.0,inf,40.013,29.2,171.0,30.237,29.616,171.0,30.107,3.362,171.0,3.771,7.577,171.0,7.673,/Users/herreran/Documents/Universidad/practica-invg/data/jssp/datasets/jssp_cnn_data_images/images/GEN_10x10_8_image.npy
GEN_10x10_8,/Users/herreran/Documents/Universidad/practica-invg/data/jssp/datasets/jssp_cnn_data_images/GEN_10x10_8.dzn,10,10,30,3,CPLEX_DEF,38.371,178.0,39.344,26.191,173.0,30.338,25.058,171.0,30.203,4.777,171.0,6.507,9.646,171.0,11.738,/Users/herreran/Documents/Universidad/practica-invg/data/jssp/datasets/jssp_cnn_data_images/images/GEN_10x10_8_image.npy
GEN_10x10_8,/Users/herreran/Documents/Universidad/practica-invg/data/jssp/datasets/jssp_cnn_data_images/GEN_10x10_8.dzn,10,10,60,1,CPLEX_DEF,60.0,inf,70.026,54.684,171.0,60.328,37.371,171.0,38.058,2.674,171.0,3.067,5.91,171.0,5.976,/Users/herreran/Documents/Universidad/practica-invg/data/jssp/datasets/jssp_cnn_data_images/images/GEN_10x10_8_image.npy
GEN_10x10_8,/Users/herreran/Documents/Universidad/practica-invg/data/jssp/datasets/jssp_cnn_data_images/GEN_10x10_8.dzn,10,10,60,2,CPLEX_DEF,60.0,inf,70.021,43.233,171.0,44.58,38.639,171.0,39.567,3.161,171.0,4.164,6.076,171.0,6.151,/Users/herreran/Documents/Universidad/practica-invg/data/jssp/datasets/jssp_cnn_data_images/images/GEN_10x10_8_image.npy
GEN_10x10_8,/Users/herreran/Documents/Universidad/practica-invg/data/jssp/datasets/jssp_cnn_data_images/GEN_10x10_8.dzn,10,10,60,3,CPLEX_DEF,60.0,inf,70.021,40.858,171.0,42.102,36.855,171.0,37.279,2.923,171.0,3.271,5.739,171.0,5.792,/Users/herreran/Documents/Universidad/practica-invg/data/jssp/datasets/jssp_cnn_data_images/images/GEN_10x10_8_image.npy
GEN_10x10_9,/Users/herreran/Documents/Universidad/practica-invg/data/jssp/datasets/jssp_cnn_data_images/GEN_10x10_9.dzn,10,10,5,1,CPLEX_DEF,5.987,201.0,6.253,4.172,177.0,5.214,4.612,175.0,5.126,2.79,171.0,3.121,5.032,171.0,5.115,/Users/herreran/Documents/Universidad/practica-invg/data/jssp/datasets/jssp_cnn_data_images/images/GEN_10x10_9_image.npy
GEN_10x10_9,/Users/herreran/Documents/Universidad/practica-invg/data/jssp/datasets/jssp_cnn_data_images/GEN_10x10_9.dzn,10,10,5,2,CPLEX_DEF,5.669,201.0,6.121,4.289,175.0,5.224,4.733,173.0,5.111,2.564,171.0,2.929,5.031,172.0,5.083,/Users/herreran/Documents/Universidad/practica-invg/data/jssp/datasets/jssp_cnn_data_images/images/GEN_10x10_9_image.npy
GEN_10x10_9,/Users/herreran/Documents/Universidad/practica-invg/data/jssp/datasets/jssp_cnn_data_images/GEN_10x10_9.dzn,10,10,5,3,CPLEX_DEF,5.842,201.0,6.178,4.239,175.0,5.236,4.81,175.0,5.081,2.727,171.0,3.0,3.815,172.0,5.101,/Users/herreran/Documents/Universidad/practica-invg/data/jssp/datasets/jssp_cnn_data_images/images/GEN_10x10_9_image.npy
GEN_10x10_9,/Users/herreran/Documents/Universidad/practica-invg/data/jssp/datasets/jssp_cnn_data_images/GEN_10x10_9.dzn,10,10,30,1,CPLEX_DEF,30.0,inf,40.011,29.215,171.0,30.206,29.561,171.0,30.129,2.592,171.0,2.912,5.651,171.0,5.713,/Users/herreran/Documents/Universidad/practica-invg/data/jssp/datasets/jssp_cnn_data_images/images/GEN_10x10_9_image.npy
GEN_10x10_9,/Users/herreran/Documents/Universidad/practica-invg/data/jssp/datasets/jssp_cnn_data_images/GEN_10x10_9.dzn,10,10,30,2,CPLEX_DEF,30.0,inf,40.02,29.082,171.0,30.207,29.717,171.0,30.107,2.645,171.0,2.929,5.661,171.0,5.734,/Users/herreran/Documents/Universidad/practica-invg/data/jssp/datasets/jssp_cnn_data_images/images/GEN_10x10_9_image.npy
GEN_10x10_9,/Users/herreran/Documents/Universidad/practica-invg/data/jssp/datasets/jssp_cnn_data_images/GEN_10x10_9.dzn,10,10,30,3,CPLEX_DEF,30.0,inf,40.012,29.14,171.0,30.225,29.729,171.0,30.072,2.306,171.0,2.563,5.39,171.0,5.453,/Users/herreran/Documents/Universidad/practica-invg/data/jssp/datasets/jssp_cnn_data_images/images/GEN_10x10_9_image.npy
GEN_10x10_9,/Users/herreran/Documents/Universidad/practica-invg/data/jssp/datasets/jssp_cnn_data_images/GEN_10x10_9.dzn,10,10,60,1,CPLEX_DEF,60.0,inf,70.013,34.356,171.0,35.436,31.722,171.0,32.022,2.356,171.0,2.616,5.167,171.0,5.223,/Users/herreran/Documents/Universidad/practica-invg/data/jssp/datasets/jssp_cnn_data_images/images/GEN_10x10_9_image.npy
GEN_10x10_9,/Users/herreran/Documents/Universidad/practica-invg/data/jssp/datasets/jssp_cnn_data_images/GEN_10x10_9.dzn,10,10,60,2,CPLEX_DEF,60.0,inf,70.011,32.853,171.0,33.716,31.696,171.0,32.03,2.033,171.0,2.271,5.266,171.0,5.318,/Users/herreran/Documents/Universidad/practica-invg/data/jssp/datasets/jssp_cnn_data_images/images/GEN_10x10_9_image.npy
GEN_10x10_9,/Users/herreran/Documents/Universidad/practica-invg/data/jssp/datasets/jssp_cnn_data_images/GEN_10x10_9.dzn,10,10,60,3,CPLEX_DEF,60.0,inf,70.008,32.776,171.0,33.61,31.442,171.0,31.779,2.317,171.0,2.623,5.098,171.0,5.151,/Users/herreran/Documents/Universidad/practica-invg/data/jssp/datasets/jssp_cnn_data_images/images/GEN_10x10_9_image.npy
GEN_10x10_10,/Users/herreran/Documents/Universidad/practica-invg/data/jssp/datasets/jssp_cnn_data_images/GEN_10x10_10.dzn,10,10,5,1,CPLEX_DEF,5.843,201.0,6.088,4.396,175.0,5.184,4.833,171.0,5.069,2.699,171.0,3.013,5.049,171.0,5.163,/Users/herreran/Documents/Universidad/practica-invg/data/jssp/datasets/jssp_cnn_data_images/images/GEN_10x10_10_image.npy
GEN_10x10_10,/Users/herreran/Documents/Universidad/practica-invg/data/jssp/datasets/jssp_cnn_data_images/GEN_10x10_10.dzn,10,10,5,2,CPLEX_DEF,5.902,201.0,6.166,4.417,175.0,5.164,4.803,171.0,5.079,2.358,171.0,2.622,5.017,171.0,5.085,/Users/herreran/Documents/Universidad/practica-invg/data/jssp/datasets/jssp_cnn_data_images/images/GEN_10x10_10_image.npy
GEN_10x10_10,/Users/herreran/Documents/Universidad/practica-invg/data/jssp/datasets/jssp_cnn_data_images/GEN_10x10_10.dzn,10,10,5,3,CPLEX_DEF,6.031,201.0,6.337,4.315,175.0,5.233,4.842,171.0,5.071,2.286,171.0,2.545,5.035,171.0,5.073,/Users/herreran/Documents/Universidad/practica-invg/data/jssp/datasets/jssp_cnn_data_images/images/GEN_10x10_10_image.npy
GEN_10x10_10,/Users/herreran/Documents/Universidad/practica-invg/data/jssp/datasets/jssp_cnn_data_images/GEN_10x10_10.dzn,10,10,30,1,CPLEX_DEF,30.0,inf,40.016,27.83,171.0,30.263,29.542,171.0,30.128,2.613,171.0,2.97,5.854,171.0,5.921,/Users/herreran/Documents/Universidad/practica-invg/data/jssp/datasets/jssp_cnn_data_images/images/GEN_10x10_10_image.npy
GEN_10x10_10,/Users/herreran/Documents/Universidad/practica-invg/data/jssp/datasets/jssp_cnn_data_images/GEN_10x10_10.dzn,10,10,30,2,CPLEX_DEF,30.0,inf,40.033,28.677,171.0,30.379,29.19,171.0,30.294,2.983,171.0,3.349,5.883,171.0,6.105,/Users/herreran/Documents/Universidad/practica-invg/data/jssp/datasets/jssp_cnn_data_images/images/GEN_10x10_10_image.npy
GEN_10x10_10,/Users/herreran/Documents/Universidad/practica-invg/data/jssp/datasets/jssp_cnn_data_images/GEN_10x10_10.dzn,10,10,30,3,CPLEX_DEF,30.0,inf,40.011,29.14,171.0,30.254,29.526,171.0,30.138,2.62,171.0,3.121,6.103,171.0,6.181,/Users/herreran/Documents/Universidad/practica-invg/data/jssp/datasets/jssp_cnn_data_images/images/GEN_10x10_10_image.npy
GEN_10x10_10,/Users/herreran/Documents/Universidad/practica-invg/data/jssp/datasets/jssp_cnn_data_images/GEN_10x10_10.dzn,10,10,60,1,CPLEX_DEF,60.0,inf,70.011,35.579,171.0,36.612,32.975,171.0,33.383,2.386,171.0,2.699,5.31,171.0,5.377,/Users/herreran/Documents/Universidad/practica-invg/data/jssp/datasets/jssp_cnn_data_images/images/GEN_10x10_10_image.npy
GEN_10x10_10,/Users/herreran/Documents/Universidad/practica-invg/data/jssp/datasets/jssp_cnn_data_images/GEN_10x10_10.dzn,10,10,60,2,CPLEX_DEF,60.0,inf,70.008,32.581,171.0,33.321,33.492,171.0,33.984,2.41,171.0,2.718,5.725,171.0,5.867,/Users/herreran/Documents/Universidad/practica-invg/data/jssp/datasets/jssp_cnn_data_images/images/GEN_10x10_10_image.npy
GEN_10x10_10,/Users/herreran/Documents/Universidad/practica-invg/data/jssp/datasets/jssp_cnn_data_images/GEN_10x10_10.dzn,10,10,60,3,CPLEX_DEF,60.0,inf,70.013,34.574,171.0,35.63,30.069,171.0,30.365,2.33,171.0,2.604,4.864,171.0,4.976,/Users/herreran/Documents/Universidad/practica-invg/data/jssp/datasets/jssp_cnn_data_images/images/GEN_10x10_10_image.npy
GEN_10x10_11,/Users/herreran/Documents/Universidad/practica-invg/data/jssp/datasets/jssp_cnn_data_images/GEN_10x10_11.dzn,10,10,5,1,CPLEX_DEF,5.876,201.0,6.174,4.441,175.0,5.156,4.817,171.0,5.066,2.479,171.0,2.786,4.473,171.0,4.571,/Users/herreran/Documents/Universidad/practica-invg/data/jssp/datasets/jssp_cnn_data_images/images/GEN_10x10_11_image.npy
GEN_10x10_11,/Users/herreran/Documents/Universidad/practica-invg/data/jssp/datasets/jssp_cnn_data_images/GEN_10x10_11.dzn,10,10,5,2,CPLEX_DEF,5.787,201.0,6.035,4.38,175.0,5.167,4.842,171.0,5.059,2.202,171.0,2.467,4.734,171.0,4.795,/Users/herreran/Documents/Universidad/practica-invg/data/jssp/datasets/jssp_cnn_data_images/images/GEN_10x10_11_image.npy
GEN_10x10_11,/Users/herreran/Documents/Universidad/practica-invg/data/jssp/datasets/jssp_cnn_data_images/GEN_10x10_11.dzn,10,10,5,3,CPLEX_DEF,5.816,201.0,6.046,4.417,175.0,5.16,4.836,171.0,5.077,2.12,171.0,2.341,4.774,171.0,4.823,/Users/herreran/Documents/Universidad/practica-invg/data/jssp/datasets/jssp_cnn_data_images/images/GEN_10x10_11_image.npy
GEN_10x10_11,/Users/herreran/Documents/Universidad/practica-invg/data/jssp/datasets/jssp_cnn_data_images/GEN_10x10_11.dzn,10,10,30,1,CPLEX_DEF,39.133,173.0,39.461,29.073,171.0,30.05,26.027,171.0,26.299,1.916,171.0,2.158,4.481,171.0,4.539,/Users/herreran/Documents/Universidad/practica-invg/data/jssp/datasets/jssp_cnn_data_images/images/GEN_10x10_11_image.npy
GEN_10x10_11,/Users/herreran/Documents/Universidad/practica-invg/data/jssp/datasets/jssp_cnn_data_images/GEN_10x10_11.dzn,10,10,30,2,CPLEX_DEF,30.0,inf,40.014,27.267,171.0,28.158,26.457,171.0,26.756,1.976,171.0,2.235,4.472,171.0,4.538,/Users/herreran/Documents/Universidad/practica-invg/data/jssp/datasets/jssp_cnn_data_images/images/GEN_10x10_11_image.npy
GEN_10x10_11,/Users/herreran/Documents/Universidad/practica-invg/data/jssp/datasets/jssp_cnn_data_images/GEN_10x10_11.dzn,10,10,30,3,CPLEX_DEF,30.0,inf,39.981,26.26,171.0,27.042,25.789,171.0,26.046,1.886,171.0,2.121,4.293,171.0,4.349,/Users/herreran/Documents/Universidad/practica-invg/data/jssp/datasets/jssp_cnn_data_images/images/GEN_10x10_11_image.npy
GEN_10x10_11,/Users/herreran/Documents/Universidad/practica-invg/data/jssp/datasets/jssp_cnn_data_images/GEN_10x10_11.dzn,10,10,60,1,CPLEX_DEF,60.0,inf,70.008,25.757,171.0,26.461,25.212,171.0,25.467,1.908,171.0,2.184,4.382,171.0,4.474,/Users/herreran/Documents/Universidad/practica-invg/data/jssp/datasets/jssp_cnn_data_images/images/GEN_10x10_11_image.npy
GEN_10x10_11,/Users/herreran/Documents/Universidad/practica-invg/data/jssp/datasets/jssp_cnn_data_images/GEN_10x10_11.dzn,10,10,60,2,CPLEX_DEF,60.0,inf,70.018,26.895,171.0,28.013,27.247,171.0,27.521,2.144,171.0,2.399,4.721,171.0,4.775,/Users/herreran/Documents/Universidad/practica-invg/data/jssp/datasets/jssp_cnn_data_images/images/GEN_10x10_11_image.npy
GEN_10x10_11,/Users/herreran/Documents/Universidad/practica-invg/data/jssp/datasets/jssp_cnn_data_images/GEN_10x10_11.dzn,10,10,60,3,CPLEX_DEF,60.0,inf,70.009,30.672,171.0,31.407,29.859,171.0,30.167,2.223,171.0,2.473,4.762,171.0,4.801,/Users/herreran/Documents/Universidad/practica-invg/data/jssp/datasets/jssp_cnn_data_images/images/GEN_10x10_11_image.npy
GEN_10x10_12,/Users/herreran/Documents/Universidad/practica-invg/data/jssp/datasets/jssp_cnn_data_images/GEN_10x10_12.dzn,10,10,5,1,CPLEX_DEF,5.983,201.0,6.234,4.416,175.0,5.185,4.778,171.0,5.074,2.098,171.0,2.312,5.01,171.0,5.077,/Users/herreran/Documents/Universidad/practica-invg/data/jssp/datasets/jssp_cnn_data_images/images/GEN_10x10_12_image.npy
GEN_10x10_12,/Users/herreran/Documents/Universidad/practica-invg/data/jssp/datasets/jssp_cnn_data_images/GEN_10x10_12.dzn,10,10,5,2,CPLEX_DEF,6.05,201.0,6.384,4.401,175.0,5.199,4.823,171.0,5.066,2.051,171.0,2.264,5.026,171.0,5.062,/Users/herreran/Documents/Universidad/practica-invg/data/jssp/datasets/jssp_cnn_data_images/images/GEN_10x10_12_image.npy
GEN_10x10_12,/Users/herreran/Documents/Universidad/practica-invg/data/jssp/datasets/jssp_cnn_data_images/GEN_10x10_12.dzn,10,10,5,3,CPLEX_DEF,5.891,201.0,6.129,4.396,175.0,5.201,4.564,171.0,5.127,2.255,171.0,2.506,4.826,171.0,4.882,/Users/herreran/Documents/Universidad/practica-invg/data/jssp/datasets/jssp_cnn_data_images/images/GEN_10x10_12_image.npy
GEN_10x10_12,/Users/herreran/Documents/Universidad/practica-invg/data/jssp/datasets/jssp_cnn_data_images/GEN_10x10_12.dzn,10,10,30,1,CPLEX_DEF,30.0,inf,40.01,29.358,171.0,30.168,29.705,171.0,30.081,2.239,171.0,2.512,4.75,171.0,4.802,/Users/herreran/Documents/Universidad/practica-invg/data/jssp/datasets/jssp_cnn_data_images/images/GEN_10x10_12_image.npy
GEN_10x10_12,/Users/herreran/Documents/Universidad/practica-invg/data/jssp/datasets/jssp_cnn_data_images/GEN_10x10_12.dzn,10,10,30,2,CPLEX_DEF,39.623,173.0,39.922,28.664,171.0,29.45,28.054,171.0,28.392,2.44,171.0,2.723,4.581,171.0,4.63,/Users/herreran/Documents/Universidad/practica-invg/data/jssp/datasets/jssp_cnn_data_images/images/GEN_10x10_12_image.npy
GEN_10x10_12,/Users/herreran/Documents/Universidad/practica-invg/data/jssp/datasets/jssp_cnn_data_images/GEN_10x10_12.dzn,10,10,30,3,CPLEX_DEF,30.0,inf,40.018,29.005,171.0,30.243,28.434,171.0,28.736,2.474,171.0,2.763,4.231,171.0,4.279,/Users/herreran/Documents/Universidad/practica-invg/data/jssp/datasets/jssp_cnn_data_images/images/GEN_10x10_12_image.npy
GEN_10x10_12,/Users/herreran/Documents/Universidad/practica-invg/data/jssp/datasets/jssp_cnn_data_images/GEN_10x10_12.dzn,10,10,60,1,CPLEX_DEF,60.0,inf,69.996,29.076,171.0,29.756,28.586,171.0,28.891,1.89,171.0,2.143,4.565,171.0,4.611,/Users/herreran/Documents/Universidad/practica-invg/data/jssp/datasets/jssp_cnn_data_images/images/GEN_10x10_12_image.npy
GEN_10x10_12,/Users/herreran/Documents/Universidad/practica-invg/data/jssp/datasets/jssp_cnn_data_images/GEN_10x10_12.dzn,10,10,60,2,CPLEX_DEF,60.0,inf,70.009,28.57,171.0,29.332,27.024,171.0,27.316,2.058,171.0,2.329,4.454,171.0,4.503,/Users/herreran/Documents/Universidad/practica-invg/data/jssp/datasets/jssp_cnn_data_images/images/GEN_10x10_12_image.npy
GEN_10x10_12,/Users/herreran/Documents/Universidad/practica-invg/data/jssp/datasets/jssp_cnn_data_images/GEN_10x10_12.dzn,10,10,60,3,CPLEX_DEF,60.0,inf,70.009,29.5,171.0,30.326,27.996,171.0,28.267,2.102,171.0,2.366,4.597,171.0,4.644,/Users/herreran/Documents/Universidad/practica-invg/data/jssp/datasets/jssp_cnn_data_images/images/GEN_10x10_12_image.npy
GEN_10x10_13,/Users/herreran/Documents/Universidad/practica-invg/data/jssp/datasets/jssp_cnn_data_images/GEN_10x10_13.dzn,10,10,5,1,CPLEX_DEF,6.078,201.0,6.298,4.474,175.0,5.158,4.843,171.0,5.063,2.006,171.0,2.233,4.78,171.0,4.844,/Users/herreran/Documents/Universidad/practica-invg/data/jssp/datasets/jssp_cnn_data_images/images/GEN_10x10_13_image.npy
GEN_10x10_13,/Users/herreran/Documents/Universidad/practica-invg/data/jssp/datasets/jssp_cnn_data_images/GEN_10x10_13.dzn,10,10,5,2,CPLEX_DEF,6.123,201.0,6.409,4.461,175.0,5.158,4.829,171.0,5.06,1.955,171.0,2.163,4.8,171.0,4.843,/Users/herreran/Documents/Universidad/practica-invg/data/jssp/datasets/jssp_cnn_data_images/images/GEN_10x10_13_image.npy
GEN_10x10_13,/Users/herreran/Documents/Universidad/practica-invg/data/jssp/datasets/jssp_cnn_data_images/GEN_10x10_13.dzn,10,10,5,3,CPLEX_DEF,6.105,201.0,6.348,4.463,175.0,5.153,4.83,171.0,5.058,1.957,171.0,2.181,4.928,171.0,5.008,/Users/herreran/Documents/Universidad/practica-invg/data/jssp/datasets/jssp_cnn_data_images/images/GEN_10x10_13_image.npy
GEN_10x10_13,/Users/herreran/Documents/Universidad/practica-invg/data/jssp/datasets/jssp_cnn_data_images/GEN_10x10_13.dzn,10,10,30,1,CPLEX_DEF,30.0,inf,40.008,28.97,171.0,29.751,27.175,171.0,27.477,1.977,171.0,2.221,4.566,171.0,4.62,/Users/herreran/Documents/Universidad/practica-invg/data/jssp/datasets/jssp_cnn_data_images/images/GEN_10x10_13_image.npy
GEN_10x10_13,/Users/herreran/Documents/Universidad/practica-invg/data/jssp/datasets/jssp_cnn_data_images/GEN_10x10_13.dzn,10,10,30,2,CPLEX_DEF,30.0,inf,40.009,28.999,171.0,29.805,27.874,171.0,28.225,2.06,171.0,2.326,4.594,171.0,4.649,/Users/herreran/Documents/Universidad/practica-invg/data/jssp/datasets/jssp_cnn_data_images/images/GEN_10x10_13_image.npy
GEN_10x10_13,/Users/herreran/Documents/Universidad/practica-invg/data/jssp/datasets/jssp_cnn_data_images/GEN_10x10_13.dzn,10,10,30,3,CPLEX_DEF,38.857,173.0,39.137,25.686,171.0,26.387,24.675,171.0,24.936,1.66,171.0,1.864,3.815,171.0,3.85,/Users/herreran/Documents/Universidad/practica-invg/data/jssp/datasets/jssp_cnn_data_images/images/GEN_10x10_13_image.npy
GEN_10x10_13,/Users/herreran/Documents/Universidad/practica-invg/data/jssp/datasets/jssp_cnn_data_images/GEN_10x10_13.dzn,10,10,60,1,CPLEX_DEF,60.0,inf,70.008,22.517,171.0,23.132,22.524,171.0,22.746,1.578,171.0,1.766,3.568,171.0,3.615,/Users/herreran/Documents/Universidad/practica-invg/data/jssp/datasets/jssp_cnn_data_images/images/GEN_10x10_13_image.npy
GEN_10x10_13,/Users/herreran/Documents/Universidad/practica-invg/data/jssp/datasets/jssp_cnn_data_images/GEN_10x10_13.dzn,10,10,60,2,CPLEX_DEF,60.0,inf,70.006,22.1,171.0,22.725,22.119,171.0,22.329,1.567,171.0,1.755,3.519,171.0,3.566,/Users/herreran/Documents/Universidad/practica-invg/data/jssp/datasets/jssp_cnn_data_images/images/GEN_10x10_13_image.npy
GEN_10x10_13,/Users/herreran/Documents/Universidad/practica-invg/data/jssp/datasets/jssp_cnn_data_images/GEN_10x10_13.dzn,10,10,60,3,CPLEX_DEF,60.0,inf,70.008,22.326,171.0,22.975,22.189,171.0,22.412,1.568,171.0,1.756,3.519,171.0,3.572,/Users/herreran/Documents/Universidad/practica-invg/data/jssp/datasets/jssp_cnn_data_images/images/GEN_10x10_13_image.npy
GEN_10x10_14,/Users/herreran/Documents/Universidad/practica-invg/data/jssp/datasets/jssp_cnn_data_images/GEN_10x10_14.dzn,10,10,5,1,CPLEX_DEF,6.023,201.0,6.208,4.572,173.0,5.135,4.874,171.0,5.048,1.558,171.0,1.734,3.562,171.0,3.6,/Users/herreran/Documents/Universidad/practica-invg/data/jssp/datasets/jssp_cnn_data_images/images/GEN_10x10_14_image.npy
GEN_10x10_14,/Users/herreran/Documents/Universidad/practica-invg/data/jssp/datasets/jssp_cnn_data_images/GEN_10x10_14.dzn,10,10,5,2,CPLEX_DEF,6.071,201.0,6.264,4.598,173.0,5.14,4.869,171.0,5.048,1.565,171.0,1.734,3.568,171.0,3.606,/Users/herreran/Documents/Universidad/practica-invg/data/jssp/datasets/jssp_cnn_data_images/images/GEN_10x10_14_image.npy
GEN_10x10_14,/Users/herreran/Documents/Universidad/practica-invg/data/jssp/datasets/jssp_cnn_data_images/GEN_10x10_14.dzn,10,10,5,3,CPLEX_DEF,5.99,201.0,6.201,4.532,175.0,5.153,4.858,171.0,5.059,2.067,171.0,2.3,4.827,171.0,4.886,/Users/herreran/Documents/Universidad/practica-invg/data/jssp/datasets/jssp_cnn_data_images/images/GEN_10x10_14_image.npy
GEN_10x10_14,/Users/herreran/Documents/Universidad/practica-invg/data/jssp/datasets/jssp_cnn_data_images/GEN_10x10_14.dzn,10,10,30,1,CPLEX_DEF,39.57,173.0,39.855,28.177,171.0,28.875,28.178,171.0,28.493,2.152,171.0,2.392,5.1,171.0,5.162,/Users/herreran/Documents/Universidad/practica-invg/data/jssp/datasets/jssp_cnn_data_images/images/GEN_10x10_14_image.npy
GEN_10x10_14,/Users/herreran/Documents/Universidad/practica-invg/data/jssp/datasets/jssp_cnn_data_images/GEN_10x10_14.dzn,10,10,30,2,CPLEX_DEF,39.167,173.0,39.438,24.669,171.0,25.332,24.273,171.0,24.499,1.73,171.0,1.931,3.993,171.0,4.048,/Users/herreran/Documents/Universidad/practica-invg/data/jssp/datasets/jssp_cnn_data_images/images/GEN_10x10_14_image.npy
GEN_10x10_14,/Users/herreran/Documents/Universidad/practica-invg/data/jssp/datasets/jssp_cnn_data_images/GEN_10x10_14.dzn,10,10,30,3,CPLEX_DEF,38.831,173.0,39.104,24.752,171.0,25.38,23.975,171.0,24.197,1.712,171.0,1.893,3.825,171.0,3.857,/Users/herreran/Documents/Universidad/practica-invg/data/jssp/datasets/jssp_cnn_data_images/images/GEN_10x10_14_image.npy
GEN_10x10_14,/Users/herreran/Documents/Universidad/practica-invg/data/jssp/datasets/jssp_cnn_data_images/GEN_10x10_14.dzn,10,10,60,1,CPLEX_DEF,60.0,inf,70.008,22.881,171.0,23.441,22.791,171.0,23.032,1.61,171.0,1.82,3.676,171.0,3.725,/Users/herreran/Documents/Universidad/practica-invg/data/jssp/datasets/jssp_cnn_data_images/images/GEN_10x10_14_image.npy
GEN_10x10_14,/Users/herreran/Documents/Universidad/practica-invg/data/jssp/datasets/jssp_cnn_data_images/GEN_10x10_14.dzn,10,10,60,2,CPLEX_DEF,60.0,inf,70.005,24.192,171.0,24.83,24.699,171.0,24.958,2.054,171.0,2.296,4.0,171.0,4.056,/Users/herreran/Documents/Universidad/practica-invg/data/jssp/datasets/jssp_cnn_data_images/images/GEN_10x10_14_image.npy
GEN_10x10_14,/Users/herreran/Documents/Universidad/practica-invg/data/jssp/datasets/jssp_cnn_data_images/GEN_10x10_14.dzn,10,10,60,3,CPLEX_DEF,60.0,inf,70.009,25.361,171.0,26.024,24.556,171.0,24.821,1.754,171.0,1.94,4.062,171.0,4.097,/Users/herreran/Documents/Universidad/practica-invg/data/jssp/datasets/jssp_cnn_data_images/images/GEN_10x10_14_image.npy
GEN_10x10_15,/Users/herreran/Documents/Universidad/practica-invg/data/jssp/datasets/jssp_cnn_data_images/GEN_10x10_15.dzn,10,10,5,1,CPLEX_DEF,5.997,201.0,6.204,4.548,175.0,5.142,4.861,171.0,5.052,1.727,171.0,1.915,3.92,171.0,3.955,/Users/herreran/Documents/Universidad/practica-invg/data/jssp/datasets/jssp_cnn_data_images/images/GEN_10x10_15_image.npy
GEN_10x10_15,/Users/herreran/Documents/Universidad/practica-invg/data/jssp/datasets/jssp_cnn_data_images/GEN_10x10_15.dzn,10,10,5,2,CPLEX_DEF,5.976,201.0,6.174,4.571,175.0,5.139,4.81,171.0,5.065,1.855,171.0,2.058,4.127,171.0,4.166,/Users/herreran/Documents/Universidad/practica-invg/data/jssp/datasets/jssp_cnn_data_images/images/GEN_10x10_15_image.npy
GEN_10x10_15,/Users/herreran/Documents/Universidad/practica-invg/data/jssp/datasets/jssp_cnn_data_images/GEN_10x10_15.dzn,10,10,5,3,CPLEX_DEF,6.043,201.0,6.273,4.466,175.0,5.151,4.846,171.0,5.056,2.065,171.0,2.337,4.118,171.0,4.192,/Users/herreran/Documents/Universidad/practica-invg/data/jssp/datasets/jssp_cnn_data_images/images/GEN_10x10_15_image.npy
GEN_10x10_15,/Users/herreran/Documents/Universidad/practica-invg/data/jssp/datasets/jssp_cnn_data_images/GEN_10x10_15.dzn,10,10,30,1,CPLEX_DEF,38.923,173.0,39.18,24.574,171.0,25.226,23.421,171.0,23.66,1.661,171.0,1.853,3.725,171.0,3.771,/Users/herreran/Documents/Universidad/practica-invg/data/jssp/datasets/jssp_cnn_data_images/images/GEN_10x10_15_image.npy
GEN_10x10_15,/Users/herreran/Documents/Universidad/practica-invg/data/jssp/datasets/jssp_cnn_data_images/GEN_10x10_15.dzn,10,10,30,2,CPLEX_DEF,38.95,173.0,39.18,22.992,171.0,23.583,22.062,171.0,22.267,1.564,171.0,1.732,3.584,171.0,3.631,/Users/herreran/Documents/Universidad/practica-invg/data/jssp/datasets/jssp_cnn_data_images/images/GEN_10x10_15_image.npy
GEN_10x10_15,/Users/herreran/Documents/Universidad/practica-invg/data/jssp/datasets/jssp_cnn_data_images/GEN_10x10_15.dzn,10,10,30,3,CPLEX_DEF,38.618,173.0,38.871,22.227,171.0,22.87,22.152,171.0,22.36,1.583,171.0,1.77,3.683,171.0,3.732,/Users/herreran/Documents/Universidad/practica-invg/data/jssp/datasets/jssp_cnn_data_images/images/GEN_10x10_15_image.npy
GEN_10x10_15,/Users/herreran/Documents/Universidad/practica-invg/data/jssp/datasets/jssp_cnn_data_images/GEN_10x10_15.dzn,10,10,60,1,CPLEX_DEF,60.0,inf,70.008,22.98,171.0,23.592,23.486,171.0,23.759,1.593,171.0,1.804,3.573,171.0,3.621,/Users/herreran/Documents/Universidad/practica-invg/data/jssp/datasets/jssp_cnn_data_images/images/GEN_10x10_15_image.npy
GEN_10x10_15,/Users/herreran/Documents/Universidad/practica-invg/data/jssp/datasets/jssp_cnn_data_images/GEN_10x10_15.dzn,10,10,60,2,CPLEX_DEF,60.0,inf,70.008,22.635,171.0,23.251,22.432,171.0,22.642,1.567,171.0,1.751,3.535,171.0,3.567,/Users/herreran/Documents/Universidad/practica-invg/data/jssp/datasets/jssp_cnn_data_images/images/GEN_10x10_15_image.npy
GEN_10x10_15,/Users/herreran/Documents/Universidad/practica-invg/data/jssp/datasets/jssp_cnn_data_images/GEN_10x10_15.dzn,10,10,60,3,CPLEX_DEF,60.0,inf,989.075,19.542,171.0,20.245,19.537,171.0,19.777,1.352,171.0,1.554,3.108,171.0,3.155,/Users/herreran/Documents/Universidad/practica-invg/data/jssp/datasets/jssp_cnn_data_images/images/GEN_10x10_15_image.npy
GEN_10x10_16,/Users/herreran/Documents/Universidad/practica-invg/data/jssp/datasets/jssp_cnn_data_images/GEN_10x10_16.dzn,10,10,5,1,CPLEX_DEF,6.426,190.0,6.606,4.575,173.0,5.142,4.871,171.0,5.054,1.343,171.0,1.512,3.039,171.0,3.071,/Users/herreran/Documents/Universidad/practica-invg/data/jssp/datasets/jssp_cnn_data_images/images/GEN_10x10_16_image.npy
GEN_10x10_16,/Users/herreran/Documents/Universidad/practica-invg/data/jssp/datasets/jssp_cnn_data_images/GEN_10x10_16.dzn,10,10,5,2,CPLEX_DEF,6.419,190.0,6.594,4.543,173.0,5.135,4.887,171.0,5.052,1.358,171.0,1.525,3.002,171.0,3.033,/Users/herreran/Documents/Universidad/practica-invg/data/jssp/datasets/jssp_cnn_data_images/images/GEN_10x10_16_image.npy
GEN_10x10_16,/Users/herreran/Documents/Universidad/practica-invg/data/jssp/datasets/jssp_cnn_data_images/GEN_10x10_16.dzn,10,10,5,3,CPLEX_DEF,6.454,190.0,6.624,4.559,173.0,5.141,4.876,171.0,5.055,1.326,171.0,1.509,3.009,171.0,3.052,/Users/herreran/Documents/Universidad/practica-invg/data/jssp/datasets/jssp_cnn_data_images/images/GEN_10x10_16_image.npy
GEN_10x10_16,/Users/herreran/Documents/Universidad/practica-invg/data/jssp/datasets/jssp_cnn_data_images/GEN_10x10_16.dzn,10,10,30,1,CPLEX_DEF,30.0,inf,40.008,19.574,171.0,20.205,19.449,171.0,19.701,1.343,171.0,1.539,3.038,171.0,3.085,/Users/herreran/Documents/Universidad/practica-invg/data/jssp/datasets/jssp_cnn_data_images/images/GEN_10x10_16_image.npy
GEN_10x10_16,/Users/herreran/Documents/Universidad/practica-invg/data/jssp/datasets/jssp_cnn_data_images/GEN_10x10_16.dzn,10,10,30,2,CPLEX_DEF,30.0,inf,40.009,18.941,171.0,19.542,18.914,171.0,19.11,1.322,171.0,1.489,2.987,171.0,3.023,/Users/herreran/Documents/Universidad/practica-invg/data/jssp/datasets/jssp_cnn_data_images/images/GEN_10x10_16_image.npy
GEN_10x10_16,/Users/herreran/Documents/Universidad/practica-invg/data/jssp/datasets/jssp_cnn_data_images/GEN_10x10_16.dzn,10,10,30,3,CPLEX_DEF,30.0,inf,40.009,19.214,171.0,19.842,19.239,171.0,19.629,1.359,171.0,1.561,3.059,171.0,3.106,/Users/herreran/Documents/Universidad/practica-invg/data/jssp/datasets/jssp_cnn_data_images/images/GEN_10x10_16_image.npy
GEN_10x10_16,/Users/herreran/Documents/Universidad/practica-invg/data/jssp/datasets/jssp_cnn_data_images/GEN_10x10_16.dzn,10,10,60,1,CPLEX_DEF,60.0,inf,70.008,19.064,171.0,19.766,19.091,171.0,19.336,1.33,171.0,1.54,3.009,171.0,3.085,/Users/herreran/Documents/Universidad/practica-invg/data/jssp/datasets/jssp_cnn_data_images/images/GEN_10x10_16_image.npy
GEN_10x10_16,/Users/herreran/Documents/Universidad/practica-invg/data/jssp/datasets/jssp_cnn_data_images/GEN_10x10_16.dzn,10,10,60,2,CPLEX_DEF,60.0,inf,70.02,18.906,171.0,19.519,19.215,171.0,19.443,1.327,171.0,1.528,3.006,171.0,3.051,/Users/herreran/Documents/Universidad/practica-invg/data/jssp/datasets/jssp_cnn_data_images/images/GEN_10x10_16_image.npy
GEN_10x10_16,/Users/herreran/Documents/Universidad/practica-invg/data/jssp/datasets/jssp_cnn_data_images/GEN_10x10_16.dzn,10,10,60,3,CPLEX_DEF,60.0,inf,70.007,18.965,171.0,19.587,18.994,171.0,19.213,1.353,171.0,1.562,2.997,171.0,3.044,/Users/herreran/Documents/Universidad/practica-invg/data/jssp/datasets/jssp_cnn_data_images/images/GEN_10x10_16_image.npy
GEN_10x10_17,/Users/herreran/Documents/Universidad/practica-invg/data/jssp/datasets/jssp_cnn_data_images/GEN_10x10_17.dzn,10,10,5,1,CPLEX_DEF,6.379,190.0,6.551,4.561,173.0,5.128,4.882,171.0,5.045,1.318,171.0,1.474,3.003,171.0,3.042,/Users/herreran/Documents/Universidad/practica-invg/data/jssp/datasets/jssp_cnn_data_images/images/GEN_10x10_17_image.npy
GEN_10x10_17,/Users/herreran/Documents/Universidad/practica-invg/data/jssp/datasets/jssp_cnn_data_images/GEN_10x10_17.dzn,10,10,5,2,CPLEX_DEF,6.375,190.0,6.54,4.618,173.0,5.129,4.885,171.0,5.043,1.321,171.0,1.483,3.009,171.0,3.037,/Users/herreran/Documents/Universidad/practica-invg/data/jssp/datasets/jssp_cnn_data_images/images/GEN_10x10_17_image.npy
GEN_10x10_17,/Users/herreran/Documents/Universidad/practica-invg/data/jssp/datasets/jssp_cnn_data_images/GEN_10x10_17.dzn,10,10,5,3,CPLEX_DEF,6.381,190.0,6.556,4.563,173.0,5.123,4.859,171.0,5.045,1.317,171.0,1.482,3.002,171.0,3.034,/Users/herreran/Documents/Universidad/practica-invg/data/jssp/datasets/jssp_cnn_data_images/images/GEN_10x10_17_image.npy
GEN_10x10_17,/Users/herreran/Documents/Universidad/practica-invg/data/jssp/datasets/jssp_cnn_data_images/GEN_10x10_17.dzn,10,10,30,1,CPLEX_DEF,30.0,inf,40.007,19.083,171.0,19.735,18.958,171.0,19.17,1.326,171.0,1.512,3.01,171.0,3.06,/Users/herreran/Documents/Universidad/practica-invg/data/jssp/datasets/jssp_cnn_data_images/images/GEN_10x10_17_image.npy
GEN_10x10_17,/Users/herreran/Documents/Universidad/practica-invg/data/jssp/datasets/jssp_cnn_data_images/GEN_10x10_17.dzn,10,10,30,2,CPLEX_DEF,37.237,178.0,37.53,29.155,171.0,30.259,29.645,171.0,30.127,3.405,171.0,3.801,7.672,171.0,7.789,/Users/herreran/Documents/Universidad/practica-invg/data/jssp/datasets/jssp_cnn_data_images/images/GEN_10x10_17_image.npy
GEN_10x10_17,/Users/herreran/Documents/Universidad/practica-invg/data/jssp/datasets/jssp_cnn_data_images/GEN_10x10_17.dzn,10,10,30,3,CPLEX_DEF,36.464,178.0,36.979,29.314,171.0,30.197,29.732,171.0,30.079,2.25,171.0,2.512,4.68,171.0,4.773,/Users/herreran/Documents/Universidad/practica-invg/data/jssp/datasets/jssp_cnn_data_images/images/GEN_10x10_17_image.npy
GEN_10x10_17,/Users/herreran/Documents/Universidad/practica-invg/data/jssp/datasets/jssp_cnn_data_images/GEN_10x10_17.dzn,10,10,60,1,CPLEX_DEF,60.0,inf,70.01,28.988,171.0,29.796,28.51,171.0,28.833,2.011,171.0,2.273,4.967,171.0,5.051,/Users/herreran/Documents/Universidad/practica-invg/data/jssp/datasets/jssp_cnn_data_images/images/GEN_10x10_17_image.npy
GEN_10x10_17,/Users/herreran/Documents/Universidad/practica-invg/data/jssp/datasets/jssp_cnn_data_images/GEN_10x10_17.dzn,10,10,60,2,CPLEX_DEF,60.0,inf,70.011,26.433,171.0,27.274,32.119,171.0,32.397,2.331,171.0,2.647,5.254,171.0,5.307,/Users/herreran/Documents/Universidad/practica-invg/data/jssp/datasets/jssp_cnn_data_images/images/GEN_10x10_17_image.npy
GEN_10x10_17,/Users/herreran/Documents/Universidad/practica-invg/data/jssp/datasets/jssp_cnn_data_images/GEN_10x10_17.dzn,10,10,60,3,CPLEX_DEF,60.0,inf,70.011,27.572,171.0,28.265,27.243,171.0,27.544,1.994,171.0,2.213,4.532,171.0,4.588,/Users/herreran/Documents/Universidad/practica-invg/data/jssp/datasets/jssp_cnn_data_images/images/GEN_10x10_17_image.npy
GEN_10x10_18,/Users/herreran/Documents/Universidad/practica-invg/data/jssp/datasets/jssp_cnn_data_images/GEN_10x10_18.dzn,10,10,5,1,CPLEX_DEF,6.117,201.0,6.327,4.448,175.0,5.143,4.853,171.0,5.06,1.889,171.0,2.116,4.262,171.0,4.309,/Users/herreran/Documents/Universidad/practica-invg/data/jssp/datasets/jssp_cnn_data_images/images/GEN_10x10_18_image.npy
GEN_10x10_18,/Users/herreran/Documents/Universidad/practica-invg/data/jssp/datasets/jssp_cnn_data_images/GEN_10x10_18.dzn,10,10,5,2,CPLEX_DEF,6.169,201.0,6.374,4.426,175.0,5.156,4.842,171.0,5.057,1.885,171.0,2.101,4.3,171.0,4.329,/Users/herreran/Documents/Universidad/practica-invg/data/jssp/datasets/jssp_cnn_data_images/images/GEN_10x10_18_image.npy
GEN_10x10_18,/Users/herreran/Documents/Universidad/practica-invg/data/jssp/datasets/jssp_cnn_data_images/GEN_10x10_18.dzn,10,10,5,3,CPLEX_DEF,6.13,201.0,6.335,4.551,175.0,5.147,4.84,171.0,5.052,1.828,171.0,2.025,4.155,171.0,4.188,/Users/herreran/Documents/Universidad/practica-invg/data/jssp/datasets/jssp_cnn_data_images/images/GEN_10x10_18_image.npy
GEN_10x10_18,/Users/herreran/Documents/Universidad/practica-invg/data/jssp/datasets/jssp_cnn_data_images/GEN_10x10_18.dzn,10,10,30,1,CPLEX_DEF,30.0,inf,40.007,25.286,171.0,26.003,23.662,171.0,23.899,1.721,171.0,1.927,3.803,171.0,3.856,/Users/herreran/Documents/Universidad/practica-invg/data/jssp/datasets/jssp_cnn_data_images/images/GEN_10x10_18_image.npy
GEN_10x10_18,/Users/herreran/Documents/Universidad/practica-invg/data/jssp/datasets/jssp_cnn_data_images/GEN_10x10_18.dzn,10,10,30,2,CPLEX_DEF,30.0,inf,40.009,29.421,171.0,30.155,25.15,171.0,25.48,1.687,171.0,1.9,3.832,171.0,3.88,/Users/herreran/Documents/Universidad/practica-invg/data/jssp/datasets/jssp_cnn_data_images/images/GEN_10x10_18_image.npy
GEN_10x10_18,/Users/herreran/Documents/Universidad/practica-invg/data/jssp/datasets/jssp_cnn_data_images/GEN_10x10_18.dzn,10,10,30,3,CPLEX_DEF,30.0,inf,40.009,26.532,171.0,27.366,23.516,171.0,23.736,1.697,171.0,1.873,3.788,171.0,3.817,/Users/herreran/Documents/Universidad/practica-invg/data/jssp/datasets/jssp_cnn_data_images/images/GEN_10x10_18_image.npy
GEN_10x10_18,/Users/herreran/Documents/Universidad/practica-invg/data/jssp/datasets/jssp_cnn_data_images/GEN_10x10_18.dzn,10,10,60,1,CPLEX_DEF,60.0,inf,70.012,29.769,171.0,30.575,25.184,171.0,25.408,2.182,171.0,2.39,3.997,171.0,4.029,/Users/herreran/Documents/Universidad/practica-invg/data/jssp/datasets/jssp_cnn_data_images/images/GEN_10x10_18_image.npy
GEN_10x10_18,/Users/herreran/Documents/Universidad/practica-invg/data/jssp/datasets/jssp_cnn_data_images/GEN_10x10_18.dzn,10,10,60,2,CPLEX_DEF,60.0,inf,70.01,27.77,171.0,28.886,25.307,171.0,25.587,1.809,171.0,2.036,4.212,171.0,4.274,/Users/herreran/Documents/Universidad/practica-invg/data/jssp/datasets/jssp_cnn_data_images/images/GEN_10x10_18_image.npy
GEN_10x10_18,/Users/herreran/Documents/Universidad/practica-invg/data/jssp/datasets/jssp_cnn_data_images/GEN_10x10_18.dzn,10,10,60,3,CPLEX_DEF,60.0,inf,70.009,24.757,171.0,25.422,24.331,171.0,24.559,1.748,171.0,1.944,4.122,171.0,4.181,/Users/herreran/Documents/Universidad/practica-invg/data/jssp/datasets/jssp_cnn_data_images/images/GEN_10x10_18_image.npy
GEN_10x10_19,/Users/herreran/Documents/Universidad/practica-invg/data/jssp/datasets/jssp_cnn_data_images/GEN_10x10_19.dzn,10,10,5,1,CPLEX_DEF,6.195,201.0,6.394,4.524,175.0,5.146,4.863,171.0,5.051,2.314,171.0,2.575,3.92,171.0,3.983,/Users/herreran/Documents/Universidad/practica-invg/data/jssp/datasets/jssp_cnn_data_images/images/GEN_10x10_19_image.npy
GEN_10x10_19,/Users/herreran/Documents/Universidad/practica-invg/data/jssp/datasets/jssp_cnn_data_images/GEN_10x10_19.dzn,10,10,5,2,CPLEX_DEF,6.187,201.0,6.383,4.53,175.0,5.155,4.842,171.0,5.059,2.22,171.0,2.466,4.533,171.0,4.578,/Users/herreran/Documents/Universidad/practica-invg/data/jssp/datasets/jssp_cnn_data_images/images/GEN_10x10_19_image.npy
GEN_10x10_19,/Users/herreran/Documents/Universidad/practica-invg/data/jssp/datasets/jssp_cnn_data_images/GEN_10x10_19.dzn,10,10,5,3,CPLEX_DEF,6.205,201.0,6.399,4.529,175.0,5.141,4.853,171.0,5.053,1.784,171.0,1.974,3.987,171.0,4.02,/Users/herreran/Documents/Universidad/practica-invg/data/jssp/datasets/jssp_cnn_data_images/images/GEN_10x10_19_image.npy
GEN_10x10_19,/Users/herreran/Documents/Universidad/practica-invg/data/jssp/datasets/jssp_cnn_data_images/GEN_10x10_19.dzn,10,10,30,1,CPLEX_DEF,30.0,inf,40.009,25.602,171.0,26.29,26.182,171.0,26.418,1.85,171.0,2.073,4.219,171.0,4.265,/Users/herreran/Documents/Universidad/practica-invg/data/jssp/datasets/jssp_cnn_data_images/images/GEN_10x10_19_image.npy
GEN_10x10_19,/Users/herreran/Documents/Universidad/practica-invg/data/jssp/datasets/jssp_cnn_data_images/GEN_10x10_19.dzn,10,10,30,2,CPLEX_DEF,30.0,inf,40.008,26.415,171.0,27.088,26.351,171.0,26.601,1.752,171.0,1.968,4.19,171.0,4.247,/Users/herreran/Documents/Universidad/practica-invg/data/jssp/datasets/jssp_cnn_data_images/images/GEN_10x10_19_image.npy
GEN_10x10_19,/Users/herreran/Documents/Universidad/practica-invg/data/jssp/datasets/jssp_cnn_data_images/GEN_10x10_19.dzn,10,10,30,3,CPLEX_DEF,30.0,inf,40.008,24.87,171.0,25.516,24.814,171.0,25.051,1.74,171.0,1.956,3.898,171.0,3.945,/Users/herreran/Documents/Universidad/practica-invg/data/jssp/datasets/jssp_cnn_data_images/images/GEN_10x10_19_image.npy
GEN_10x10_19,/Users/herreran/Documents/Universidad/practica-invg/data/jssp/datasets/jssp_cnn_data_images/GEN_10x10_19.dzn,10,10,60,1,CPLEX_DEF,60.0,inf,70.009,24.801,171.0,25.437,30.458,171.0,30.793,2.249,171.0,2.521,4.909,171.0,4.959,/Users/herreran/Documents/Universidad/practica-invg/data/jssp/datasets/jssp_cnn_data_images/images/GEN_10x10_19_image.npy
GEN_10x10_19,/Users/herreran/Documents/Universidad/practica-invg/data/jssp/datasets/jssp_cnn_data_images/GEN_10x10_19.dzn,10,10,60,2,CPLEX_DEF,60.0,inf,70.009,26.283,171.0,26.973,25.153,171.0,25.391,1.779,171.0,1.993,4.132,171.0,4.196,/Users/herreran/Documents/Universidad/practica-invg/data/jssp/datasets/jssp_cnn_data_images/images/GEN_10x10_19_image.npy
GEN_10x10_19,/Users/herreran/Documents/Universidad/practica-invg/data/jssp/datasets/jssp_cnn_data_images/GEN_10x10_19.dzn,10,10,60,3,CPLEX_DEF,60.0,inf,70.012,39.903,171.0,41.331,46.145,171.0,46.938,4.124,171.0,4.72,9.462,171.0,10.839,/Users/herreran/Documents/Universidad/practica-invg/data/jssp/datasets/jssp_cnn_data_images/images/GEN_10x10_19_image.npy
GEN_10x10_20,/Users/herreran/Documents/Universidad/practica-invg/data/jssp/datasets/jssp_cnn_data_images/GEN_10x10_20.dzn,10,10,5,1,SCIP_DEF,5.021,477.0,5.674,3.272,199.0,5.304,3.906,176.0,5.214,3.689,172.0,5.248,4.327,173.0,5.198,/Users/herreran/Documents/Universidad/practica-invg/data/jssp/datasets/jssp_cnn_data_images/images/GEN_10x10_20_image.npy
GEN_10x10_20,/Users/herreran/Documents/Universidad/practica-invg/data/jssp/datasets/jssp_cnn_data_images/GEN_10x10_20.dzn,10,10,5,2,SCIP_DEF,4.894,477.0,6.338,2.695,213.0,5.435,3.695,177.0,5.211,3.473,172.0,5.206,4.205,173.0,5.207,/Users/herreran/Documents/Universidad/practica-invg/data/jssp/datasets/jssp_cnn_data_images/images/GEN_10x10_20_image.npy
GEN_10x10_20,/Users/herreran/Documents/Universidad/practica-invg/data/jssp/datasets/jssp_cnn_data_images/GEN_10x10_20.dzn,10,10,5,3,SCIP_DEF,4.849,477.0,6.135,3.329,205.0,5.372,3.916,177.0,5.19,3.746,171.0,5.178,3.788,173.0,5.342,/Users/herreran/Documents/Universidad/practica-invg/data/jssp/datasets/jssp_cnn_data_images/images/GEN_10x10_20_image.npy
GEN_10x10_20,/Users/herreran/Documents/Universidad/practica-invg/data/jssp/datasets/jssp_cnn_data_images/GEN_10x10_20.dzn,10,10,30,1,CPLEX_DEF,30.0,inf,40.024,20.817,173.0,30.442,23.709,171.0,30.313,4.322,171.0,5.241,10.03,171.0,11.115,/Users/herreran/Documents/Universidad/practica-invg/data/jssp/datasets/jssp_cnn_data_images/images/GEN_10x10_20_image.npy
GEN_10x10_20,/Users/herreran/Documents/Universidad/practica-invg/data/jssp/datasets/jssp_cnn_data_images/GEN_10x10_20.dzn,10,10,30,2,CPLEX_DEF,38.024,181.0,38.944,27.618,171.0,30.261,29.683,171.0,30.112,2.535,171.0,2.815,5.57,171.0,5.638,/Users/herreran/Documents/Universidad/practica-invg/data/jssp/datasets/jssp_cnn_data_images/images/GEN_10x10_20_image.npy
GEN_10x10_20,/Users/herreran/Documents/Universidad/practica-invg/data/jssp/datasets/jssp_cnn_data_images/GEN_10x10_20.dzn,10,10,30,3,CPLEX_DEF,30.0,inf,40.015,29.308,171.0,30.236,29.594,171.0,30.146,2.655,171.0,2.938,5.478,171.0,5.56,/Users/herreran/Documents/Universidad/practica-invg/data/jssp/datasets/jssp_cnn_data_images/images/GEN_10x10_20_image.npy
GEN_10x10_20,/Users/herreran/Documents/Universidad/practica-invg/data/jssp/datasets/jssp_cnn_data_images/GEN_10x10_20.dzn,10,10,60,1,CPLEX_DEF,60.0,inf,70.012,35.871,171.0,36.916,32.907,171.0,33.3,2.857,171.0,3.31,5.399,171.0,5.472,/Users/herreran/Documents/Universidad/practica-invg/data/jssp/datasets/jssp_cnn_data_images/images/GEN_10x10_20_image.npy
GEN_10x10_20,/Users/herreran/Documents/Universidad/practica-invg/data/jssp/datasets/jssp_cnn_data_images/GEN_10x10_20.dzn,10,10,60,2,CPLEX_DEF,60.0,inf,70.014,34.894,171.0,35.818,32.784,171.0,33.117,2.319,171.0,2.599,5.396,171.0,5.462,/Users/herreran/Documents/Universidad/practica-invg/data/jssp/datasets/jssp_cnn_data_images/images/GEN_10x10_20_image.npy
GEN_10x10_20,/Users/herreran/Documents/Universidad/practica-invg/data/jssp/datasets/jssp_cnn_data_images/GEN_10x10_20.dzn,10,10,60,3,CPLEX_DEF,60.0,inf,70.012,33.234,171.0,34.152,31.535,171.0,32.073,2.237,171.0,2.499,5.109,171.0,5.165,/Users/herreran/Documents/Universidad/practica-invg/data/jssp/datasets/jssp_cnn_data_images/images/GEN_10x10_20_image.npy
